15	30618103	32153206	15q13.3 microdeletion syndrome	GRCh38	Heterozygous	Deletion	1.54 Mb
15	74120302	75680570	15q24 recurrent microdeletion syndrome	GRCh38	Heterozygous	Deletion	1.56 Mb
15	98814741	101981189	15q26 overgrowth syndrome	GRCh38	Heterozygous	Duplication	3.17 Mb
16	29595531	30188534	16p11.2 microduplication syndrome	GRCh38	Heterozygous	Duplication	593.00 kb
16	21500741	30188533	16p11.2-p12.2 microdeletion syndrome	GRCh38	Heterozygous	Deletion	8.69 Mb
16	21463739	29272756	16p11.2-p12.2 microduplication syndrome	GRCh38	Heterozygous	Duplication	7.81 Mb
16	14892827	16392827	16p13.11 recurrent microdeletion (neurocognitive disorder susceptibility locus)	GRCh38	Heterozygous	Deletion	1.50 Mb
16	14892827	16392827	16p13.11 recurrent microduplication (neurocognitive disorder susceptibility locus)	GRCh38	Heterozygous	Duplication	1.50 Mb
17	45627800	46217040	17q21.31 recurrent microdeletion syndrome (Koolen de Vries syndrome)	GRCh38	Heterozygous	Deletion	589.24 kb
1	10001	12780116	1p36 microdeletion syndrome	GRCh38	Heterozygous	Deletion	12.77 Mb
1	147061832	148411223	1q21.1 recurrent microdeletion (susceptibility locus for neurodevelopmental disorders)	GRCh38	Heterozygous	Deletion	1.35 Mb
1	147061832	148411223	1q21.1 recurrent microduplication (possible susceptibility locus for neurodevelopmental disorders)	GRCh38	Heterozygous	Duplication	1.35 Mb
1	145686997	146048497	1q21.1 susceptibility locus for Thrombocytopenia-Absent Radius (TAR) syndrome	GRCh38	Heterozygous	Deletion	361.50 kb
22	19022279	21098156	22q11 deletion syndrome (Velocardiofacial / DiGeorge syndrome)	GRCh38	Heterozygous	Deletion	2.08 Mb
22	19022279	21098156	22q11 duplication syndrome	GRCh38	Heterozygous	Duplication	2.08 Mb
22	21562828	23380258	22q11.2 distal deletion syndrome	GRCh38	Heterozygous	Deletion	1.82 Mb
22	50607088	50749416	22q13 deletion syndrome (Phelan-Mcdermid syndrome)	GRCh38	Heterozygous	Deletion	142.33 kb
2	59058561	61592680	2p15-16.1 microdeletion syndrome	GRCh38	Heterozygous	Deletion	2.53 Mb
2	44183312	44362445	2p21 Microdeletion Syndrome	GRCh38	Heterozygous	Deletion	179.13 kb
2	196060397	204342216	2q33.1 deletion syndrome	GRCh38	Heterozygous	Deletion	8.28 Mb
2	239048167	239400949	2q37 monosomy	GRCh38	Heterozygous	Deletion	352.78 kb
3	195999964	197617792	3q29 microdeletion syndrome	GRCh38	Heterozygous	Deletion	1.62 Mb
3	195999964	197617792	3q29 microduplication syndrome	GRCh38	Heterozygous	Duplication	1.62 Mb
7	73330452	74728334	7q11.23 duplication syndrome	GRCh38	Heterozygous	Duplication	1.40 Mb
8	8242533	11907120	8p23.1 deletion syndrome	GRCh38	Heterozygous	Deletion	3.66 Mb
8	8242533	11907120	8p23.1 duplication syndrome	GRCh38	Heterozygous	Duplication	3.66 Mb
8	76314229	76854003	8q21.11 Microdeletion Syndrome	GRCh38	Heterozygous	Deletion	539.77 kb
9	137618991	137836126	9q subtelomeric deletion syndrome	GRCh38	Heterozygous	Deletion	217.14 kb
16	10001	784372	ATR-16 syndrome	GRCh38	Heterozygous	Deletion	774.37 kb
Y	12232056	13042949	AZFa	GRCh38	Hemizygous	Deletion	810.89 kb
Y	18006165	23919050	AZFb	GRCh38	Hemizygous	Deletion	5.91 Mb
Y	17852946	25647683	AZFb+AZFc	GRCh38	Hemizygous	Deletion	7.79 Mb
Y	22831278	25887782	AZFc	GRCh38	Hemizygous	Deletion	3.06 Mb
5	126776622	126837020	Adult-onset autosomal dominant leukodystrophy (ADLD)	GRCh38	Heterozygous	Duplication	60.40 kb
15	22677345	28193120	Angelman syndrome (Type 1)	GRCh38	Heterozygous	Deletion	5.52 Mb
15	23374765	28193120	Angelman syndrome (Type 2)	GRCh38	Heterozygous	Deletion	4.82 Mb
22	1	18527801	Cat-Eye Syndrome (Type I)	GRCh38	Homozygous	Duplication	18.53 Mb
17	14194598	15567589	Charcot-Marie-Tooth syndrome type 1A (CMT1A)	GRCh38	Heterozygous	Duplication	1.37 Mb
5	10001	12533192	Cri du Chat Syndrome (5p deletion)	GRCh38	Heterozygous	Deletion	12.52 Mb
21	25880549	26171128	Early-onset Alzheimer disease with cerebral amyloid angiopathy	GRCh38	Heterozygous	Duplication	290.58 kb
5	112707504	112846239	Familial Adenomatous Polyposis	GRCh38	Heterozygous	Deletion	138.74 kb
17	14194598	15567589	Hereditary Liability to Pressure Palsies (HNPP)	GRCh38	Heterozygous	Deletion	1.37 Mb
X	791143	907140	Leri-Weill dyschondrostosis (LWD) - SHOX deletion	GRCh38	Heterozygous	Deletion	116.00 kb
X	499823	793142	Leri-Weill dyschondrostosis (LWD) - SHOX deletion	GRCh38	Heterozygous	Deletion	293.32 kb
17	150208	2685615	Miller-Dieker syndrome (MDS)	GRCh38	Heterozygous	Deletion	2.54 Mb
17	30780079	31936302	NF1-microdeletion syndrome	GRCh38	Heterozygous	Deletion	1.16 Mb
X	103776510	103792618	Pelizaeus-Merzbacher disease	GRCh38	Unknown	Duplication	16.11 kb
17	16869758	20318836	Potocki-Lupski syndrome (17p11.2 duplication syndrome)	GRCh38	Heterozygous	Duplication	3.45 Mb
11	43973250	46030899	Potocki-Shaffer syndrome	GRCh38	Heterozygous	Deletion	2.06 Mb
15	23374765	28193120	Prader-Willi Syndrome (Type 2)	GRCh38	Heterozygous	Deletion	4.82 Mb
15	22677345	28193120	Prader-Willi syndrome (Type 1)	GRCh38	Heterozygous	Deletion	5.52 Mb
17	36459259	37856298	RCAD (renal cysts and diabetes)	GRCh38	Heterozygous	Deletion	1.40 Mb
16	21935203	22455963	Recurrent 16p12.1 microdeletion (neurodevelopmental susceptibility locus)	GRCh38	Heterozygous	Deletion	520.76 kb
16	3725054	3880120	Rubinstein-Taybi Syndrome	GRCh38	Heterozygous	Deletion	155.07 kb
17	16869758	20318836	Smith-Magenis Syndrome	GRCh38	Heterozygous	Deletion	3.45 Mb
5	176297633	177625115	Sotos syndrome	GRCh38	Heterozygous	Deletion	1.33 Mb
7	96688766	96709891	Split hand/foot malformation 1 (SHFM1)	GRCh38	Heterozygous	Deletion	21.13 kb
X	6537771	8165154	Steroid sulphatase deficiency (STS)	GRCh38	Hemizygous	Deletion	1.63 Mb
11	31784791	32435541	WAGR 11p13 deletion syndrome	GRCh38	Heterozygous	Deletion	650.75 kb
7	73330452	74728334	Williams-Beuren Syndrome (WBS)	GRCh38	Heterozygous	Deletion	1.40 Mb
4	1567470	2108509	Wolf-Hirschhorn Syndrome	GRCh38	Heterozygous	Deletion	541.04 kb
X	53374149	53656331	Xp11.22-linked intellectual disability	GRCh38	Unknown	Duplication	282.18 kb
X	48476161	52374518	Xp11.22-p11.23 Microduplication	GRCh38	Unknown	Duplication	3.90 Mb
X	154021812	154097731	Xq28 (MECP2) duplication	GRCh38	Unknown	Duplication	75.92 kb
X	154396222	154653579	Xq28 Microduplication	GRCh38	Unknown	Duplication	257.36 kb
